MUNICIPALITY,PER CAPITA INCOME - 2012 ESTIMATE
"ANDOVER",3.7086000000000000e+04
"ANSONIA",2.6348000000000000e+04
"ASHFORD",3.9095000000000000e+04
"AVON",6.1754000000000000e+04
"BARKHAMSTED",3.7210000000000000e+04
"BEACON FALLS",3.3050000000000000e+04
"BERLIN",3.8426000000000000e+04
"BETHANY",4.5221000000000000e+04
"BETHEL",3.8390000000000000e+04
"BETHLEHEM",3.8338000000000000e+04
"BLOOMFIELD",4.0761000000000000e+04
"BOLTON",4.3525000000000000e+04
"BOZRAH",3.4209000000000000e+04
"BRANFORD",4.2340000000000000e+04
"BRIDGEPORT",1.9743000000000000e+04
"BRIDGEWATER",5.8181000000000000e+04
"BRISTOL",3.0555000000000000e+04
"BROOKFIELD",4.9320000000000000e+04
"BROOKLYN",2.5997000000000000e+04
"BURLINGTON",4.3245000000000000e+04
"CANAAN",3.7205000000000000e+04
"CANTERBURY",3.1443000000000000e+04
"CANTON",4.3650000000000000e+04
"CHAPLIN",3.3121000000000000e+04
"CHESHIRE",4.2761000000000000e+04
"CHESTER",4.1371000000000000e+04
"CLINTON",3.7941000000000000e+04
"COLCHESTER",3.6455000000000000e+04
"COLEBROOK",4.0399000000000000e+04
"COLUMBIA",4.0357000000000000e+04
"CORNWALL",4.9767000000000000e+04
"COVENTRY",3.7212000000000000e+04
"CROMWELL",4.3611000000000000e+04
"DANBURY",3.0815000000000000e+04
"DARIEN",9.4301000000000000e+04
"DEEP RIVER",4.0988000000000000e+04
"DERBY",2.6797000000000000e+04
"DURHAM",4.5732000000000000e+04
"EAST GRANBY",4.2999000000000000e+04
"EAST HADDAM",3.9821000000000000e+04
"EAST HAMPTON",4.0502000000000000e+04
"EAST HARTFORD",2.5549000000000000e+04
"EAST HAVEN",3.0618000000000000e+04
"EAST LYME",3.7972000000000000e+04
"EAST WINDSOR",3.3078000000000000e+04
"EASTFORD",3.9041000000000000e+04
"EASTON",6.2493000000000000e+04
"ELLINGTON",4.0231000000000000e+04
"ENFIELD",2.9866000000000000e+04
"ESSEX",5.8309000000000000e+04
"FAIRFIELD",6.0556000000000000e+04
"FARMINGTON",5.0895000000000000e+04
"FRANKLIN",3.5834000000000000e+04
"GLASTONBURY",5.1179000000000000e+04
"GOSHEN",4.2065000000000000e+04
"GRANBY",5.5814000000000000e+04
"GREENWICH",9.1717000000000000e+04
"GRISWOLD",2.9736000000000000e+04
"GROTON",3.3295000000000000e+04
"GROTON (City of)",
"GUILFORD",5.1406000000000000e+04
"HADDAM",3.9751000000000000e+04
"HAMDEN",3.3781000000000000e+04
"HAMPTON",3.8353000000000000e+04
"HARTFORD",1.6448000000000000e+04
"HARTLAND",3.7144000000000000e+04
"HARWINTON",4.5117000000000000e+04
"HEBRON",4.3863000000000000e+04
"KENT",4.4827000000000000e+04
"KILLINGLY",2.6585000000000000e+04
"KILLINGWORTH",5.1157000000000000e+04
"LEBANON",3.4727000000000000e+04
"LEDYARD",3.8112000000000000e+04
"LISBON",3.6803000000000000e+04
"LITCHFIELD",4.3414000000000000e+04
"LYME",7.0267000000000000e+04
"MADISON",5.3753000000000000e+04
"MANCHESTER",3.3512000000000000e+04
"MANSFIELD",2.0977000000000000e+04
"MARLBOROUGH",4.4766000000000000e+04
"MERIDEN",2.6761000000000000e+04
"MIDDLEBURY",4.4364000000000000e+04
"MIDDLEFIELD",4.0201000000000000e+04
"MIDDLETOWN",3.2205000000000000e+04
"MILFORD",3.9882000000000000e+04
"MONROE",4.8380000000000000e+04
"MONTVILLE",2.9051000000000000e+04
"MORRIS",3.7172000000000000e+04
"NAUGATUCK",2.9789000000000000e+04
"NEW BRITAIN",2.0601000000000000e+04
"NEW CANAAN",9.8693000000000000e+04
"NEW FAIRFIELD",3.9940000000000000e+04
"NEW HARTFORD",3.8098000000000000e+04
"NEW HAVEN",2.3026000000000000e+04
"NEW LONDON",2.2157000000000000e+04
"NEW MILFORD",4.2464000000000000e+04
"NEWINGTON",3.6209000000000000e+04
"NEWTOWN",4.7221000000000000e+04
"NORFOLK",4.4974000000000000e+04
"NORTH BRANFORD",3.9264000000000000e+04
"NORTH CANAAN",2.5553000000000000e+04
"NORTH HAVEN",3.8394000000000000e+04
"NORTH STONINGTON",3.9332000000000000e+04
"NORWALK",4.5620000000000000e+04
"NORWICH",2.7903000000000000e+04
"OLD LYME",4.9371000000000000e+04
"OLD SAYBROOK",4.4614000000000000e+04
"ORANGE",4.8196000000000000e+04
"OXFORD",4.4029000000000000e+04
"PLAINFIELD",2.5756000000000000e+04
"PLAINVILLE",3.1392000000000000e+04
"PLYMOUTH",3.1407000000000000e+04
"POMFRET",3.9712000000000000e+04
"PORTLAND",4.2447000000000000e+04
"PRESTON",3.3497000000000000e+04
"PROSPECT",3.6385000000000000e+04
"PUTNAM",2.3526000000000000e+04
"REDDING",6.3081000000000000e+04
"RIDGEFIELD",7.7535000000000000e+04
"ROCKY HILL",3.9785000000000000e+04
"ROXBURY",6.1204000000000000e+04
"SALEM",4.1657000000000000e+04
"SALISBURY",4.5882000000000000e+04
"SCOTLAND",3.1576000000000000e+04
"SEYMOUR",3.3030000000000000e+04
"SHARON",4.8922000000000000e+04
"SHELTON",4.0559000000000000e+04
"SHERMAN",5.5920000000000000e+04
"SIMSBURY",5.7069000000000000e+04
"SOMERS",3.4655000000000000e+04
"SOUTH WINDSOR",4.0318000000000000e+04
"SOUTHBURY",4.2012000000000000e+04
"SOUTHINGTON",3.7876000000000000e+04
"SPRAGUE",3.2250000000000000e+04
"STAFFORD",2.8445000000000000e+04
"STAMFORD",4.3408000000000000e+04
"STERLING",2.6825000000000000e+04
"STONINGTON",4.4483000000000000e+04
"STRATFORD",3.3805000000000000e+04
"SUFFIELD",3.9646000000000000e+04
"THOMASTON",3.3123000000000000e+04
"THOMPSON",2.9044000000000000e+04
"TOLLAND",4.4177000000000000e+04
"TORRINGTON",2.7762000000000000e+04
"TRUMBULL",4.4885000000000000e+04
"UNION",3.4546000000000000e+04
"VERNON",3.4483000000000000e+04
"VOLUNTOWN",3.2718000000000000e+04
"WALLINGFORD",3.6244000000000000e+04
"WARREN",5.2310000000000000e+04
"WASHINGTON",5.2826000000000000e+04
"WATERBURY",2.1703000000000000e+04
"WATERFORD",3.8894000000000000e+04
"WATERTOWN",3.6503000000000000e+04
"WEST HARTFORD",4.6234000000000000e+04
"WEST HAVEN",2.7040000000000000e+04
"WESTBROOK",3.8303000000000000e+04
"WESTON",9.2022000000000000e+04
"WESTPORT",8.8920000000000000e+04
"WETHERSFIELD",3.9663000000000000e+04
"WILLINGTON",3.0773000000000000e+04
"WILTON",7.8574000000000000e+04
"WINCHESTER",2.9044000000000000e+04
"WINDHAM",2.0119000000000000e+04
"WINDSOR",3.5594000000000000e+04
"WINDSOR LOCKS",3.3313000000000000e+04
"WOLCOTT",3.4814000000000000e+04
"WOODBRIDGE",6.9179000000000000e+04
"WOODBURY",4.4020000000000000e+04
"WOODSTOCK",3.7611000000000000e+04
